seller,transactions
0xdd76fbb9dc097d261506e1deafa44fbaad783960,249
0xe9640f514c8fefa285895a42d2696f1739923db6,220
0x67ddb2184f3429359dca8c9f9166a5020bb1603f,135
0xc06b8e3af2918cb325736aadb8b77198b4111e7c,117
0xdd6eff3935c7c45727485146cf4b4225e36a2ca7,78
0xeb8e24e104bba5030d9ec54d7c67f641f3322535,77
0xc209dee9d54a0ab588e96f7548d0cb5eb166b294,72
0x2ff895e051f7a1c29c2d3bdab35c4960e3e1ec72,62
0xf38196a4cfe357e8a6da49efb73209828f76f367,50
0x5d0667f49ceb0410efa7f0baddaaec33934bbd0e,49
0x19d266792b28a441cb0f6a3334ba617ef18b50ee,49
0x43a938d531e74b1bdd84c11a8381b86636a071bc,44
0xcaa7cea626da595cbefeabb7b6b5f42b8e15042b,42
0x8f7981e19afa921d635695ec46875930010c6d46,40
0x98df254d09889d8f84a4e233136983d1b575a404,40
0x50238e32c42f37340122071488fc955db9d7b914,38
0x66b7ff642bab6cebe02525f2674603161696a48c,37
0xb7fbe2b55b4affe8a45af46663fa9602bdc7886d,35
0xd93bea8972f02df40d1df236757de7b7cfb6a04c,35
0x35dd8e38b2aa512d9b60c88e89711fd7988780aa,34
0x0d76edba4395a4b1f515d12874cccc4b5f84660b,30
0xad5335a77920dc01f41d3c4990a61072aa86191d,30
0xcb2572767b3275d54872c8242c303bc3a9847a16,30
0x066e5d19c765ab3d39387f1ee14c7c76d3545ee9,29
0x4fddb2ec825c2c40c744c361401bcc3a47eb70bd,27
0xf2ed3b4e62025596ecb82698ee36d13a3687e9f4,26
0x6f140f7a4904da639efe258efe5138dccc96e898,25
0xe36c718998369fa82e8f5a7f26bb0e5bbc5472d7,24
0x28c35f33e6192b014bde47926bb06ff436b72a4a,23
0x074d7c7f52039ea5dc822f2db1d03010c9b27ee9,23
0xd3b142ae75e9faec0384d458c4a54c00f96bc4d2,23
0x2e8834f8417a3bf2fe9949eb04ad6a1be19652f2,23
0xa2a4439a6b76eb34c77e1d0e80eac90d7ebab4e6,22
0x0aa16b5fed4c41f777659fd179ea463ccb9d7d21,21
0xbd70d89667a3e1bd341ac235259c5f2dde8172a9,21
0x1800c3c84c4b05ab1566d44d453b665428648c17,20
0xdd9b1c5ef1560a63e6aaa283f843fceaa7253640,20
0x173f6b7147130e030feea13b4f60c900170524a5,19
0x7edbb77630589e00a57b9e7b90764f9d2fc23623,19
0xae2890c45e189cd2681284c844252b1e8ab09a38,18
0xa687297487aa129115ae41267612a5871e566be9,18
0x981beb42050f62f6b5e6f4e397f5b16975d545a2,18
0x276c972db96eea83d6b0cd33834b869a4dc266ba,17
0x4d03745044d4cc3f0b37dbed98c0fae9ce1141fb,16
0xf94be4401483172dc1f72120c01ace2888ebdfc4,16
0x6053904b1643182f235dd8f1a91e851662d93d35,16
0xf4c9581e2f2ce9d7e07a20b81e1b46aa95c8b6f4,15
0xe6fdb7870e7f23d0ce79aa7b0c8b405f5825c5f2,15
0x5e97a8773122bde31d44756f271c87893991a6ea,14
0x40965d91bc4748222ab2d29d8edf56db12b17662,14
0x21cf895c8918fb244db6c7e0039b8b7e0bc184b3,14
0x0e78f89dabf59ad0ffc6edea48a167e6b51c217c,14
0xcbafc77e7333faad715a82fb7446a4693e4c5056,14
0xb8df449e74f2f79054227530f46ed6f680d004c4,14
0x985a4d82993dc4fd97920978bc235a1a43f736d6,13
0xdb0a7f4b12cf0322d0a91bd2343cf77310088ef8,13
0x575082a0a88d389c59e86f9cd84366356533e755,13
0xed552f174802e11cf5622e97aa441fa0c2916ff1,12
0xf05f54fdaac7aadaaf6aa15f81dd472589d144f9,12
0x7cc1a48f88d04f736ac8f59d38c0941565bcf7c2,12
0x9abd077315afa1004527473da7d037da8d747068,12
0xbf1fad53ec61197fe4704c8a70445ed5b5c0daf4,12
0xda2b5d3189b0a87c4919978675c40ffbfa5762b9,12
0x598b0a0d53995d81ec59d57e5e3766e0ccaa0624,12
0x0f26db5ebad6283bcceb07bc82cbc5873cdfa57d,12
0x6a917aec937e64f99fab1276e7665c965ef6fad1,12
0x7b46ac923c9585696cac5c7fa2b1a28cfa6b3639,12
0x2a3e4b8363c409c8304b378953f1a391275b10c0,12
0x386df19524d39c6f4e87241810b8dd67ed63b2e5,12
0x43b5fe23dd19c0682e9a34e15a98a76a9dd0edc7,12
0x1ea894a93d73d656e9a6c3934a96703d4a5fe1b1,12
0x2010c1081493c112881be45c4723152d239720f6,11
0x427b3db6320f192fc85ebbef0eebb5546618b1a9,11
0x73a1bb338613291ac6530870fe2c5d354bfec17e,11
0x7762ffc4fa532dcb2ddafc86240f1df7e596a0a6,11
0x7746437ed89c99af7fb567e76cea6a9049b7948c,11
0xa4a307e6283e78ba0dc162d0613ff8a5b4313c3c,11
0x1cd1acb2fa067ec61fa0bbf434845bcd2d677352,11
0x5faa1d0ac08c5b255658a37c14f0fe2ce9ec3483,10
0x712642aae006e1d7b15fd8761480384e368b071b,10
0x4c281f090117a151f4caad4d05bc310b5ca16c1f,10
0xf92563cb3ba51a1124194fe9cfcf27a7e8e7c016,10
0xf34fe4125bc0fbef1ea0a757e5c63e3c836c6e4f,10
0x0f7b3e4db99846163944d94eb3d970c23a0a857c,10
0xcc99b39b12746bcffa52b9fa4c6fb22a1884a3ba,10
0x0ae15929478aa49a6a0afc95fc7a59b81441fdbe,10
0x9bb49c2ef5b329bd05be2e85ae14e71859a67e8d,10
0x1badb16fdf023a4882bb9adfc780280e863c86be,10
0x8188b26decc3fd5f59260be8c9a38e0f139f0bcc,10
0xade3e6d1754bbed6b04747a34d82684924a7653e,10
0xac1c65e3f4d42f678d4067371fd03444f498457b,10
0xb76a1366b384239bb925af7e5651eb6fdad64164,10
0xc36c84301797d6e77c0faf120889c55c9928136e,10
0x9d6844dd4483c1fafd9338340109d2c500e1ae93,10
0x6af7dd75a49d3183e596b05f2d920cc31a6d74ce,9
0x35d66f2ec7912fefadcc1b22e838e4e3d2c0686d,9
0x0616fc1af41d06010702fa07601b168e9fdc3de6,9
0x6d26d8178219384e2bb2cd4cde70ebbd3c0c6341,9
0x0123456789070ce8f0d6bab722103d12674bc257,9
0x480a4ea84cb939252cda39045e07e57e22c33003,9
