buyer,transactions
0x00ca04c45da318d5b7e7b14d5381ca59f09c73f0,1387
0x5281f798e15ef6ea44e64a702d8ede0abc765f65,248
0x6a92b9330849ec54f8b2cb0876a42cfff4993efa,58
0x5e97a8773122bde31d44756f271c87893991a6ea,57
0xe9640f514c8fefa285895a42d2696f1739923db6,41
0xbe1f909362ebbcc638cf91f30c7e09a669714c89,28
0xeeab7e7c0bff32aecba1c497ea4e7a96c4fde393,27
0xf38196a4cfe357e8a6da49efb73209828f76f367,26
0x712642aae006e1d7b15fd8761480384e368b071b,24
0x1ea894a93d73d656e9a6c3934a96703d4a5fe1b1,24
0x074d7c7f52039ea5dc822f2db1d03010c9b27ee9,22
0xe91b313db4416ef8a291d466448c106ba712f20c,20
0xa82d79e82ce92c4d4064a56a6a29a8f750f15b29,20
0xa9fa5c755fa69ac52903b31f7de8396886a40a8c,18
0x77b454303a73c6b0101a0ddf4988078231743afd,18
0x5d0667f49ceb0410efa7f0baddaaec33934bbd0e,17
0x1ee1e8fa02fcc6435ff77ef9036198252962a38c,17
0x7a75b8266ebb2b99b891ea37fff46265e8d47176,15
0xcb456adae87589539c5c4bb67bff7696b4933b0e,15
0x9f48ba57154eeab335fc31a48ba752e6b227da25,15
0x7c9cf0ea0bb9f45db649c5d3e1d5721764d61960,15
0x5d6e88ac0642444dd5a5eb339a937e407ae29d13,14
0xf5425923a9925d9f38d35891161c72ee80770e3b,13
0xaf606ed987e13149730971f0bc10b27409ad7ffc,13
0xbe96f800feca49d83e7ab522cee6228f57f67654,12
0x98df254d09889d8f84a4e233136983d1b575a404,11
0xf5fdd6fb66292a95081bea7b04322d028436f03e,11
0x2b515c19ba0ac303b31a29dba1034d525f1f7f95,11
0x386df19524d39c6f4e87241810b8dd67ed63b2e5,11
0x5129750f8c36b794e564d3fc5ef01c283d79ec36,11
0x9880994081d3ef98bb6de20d4b92e1e1c1752e17,10
0x923a910611947b15ca0f136843cdfc27cc4c9eac,10
0x71f60cecdb60be5ec2d081ebc1fd7abab73a01d6,10
0xef0b56692f78a44cf4034b07f80204757c31bcc9,10
0x6053904b1643182f235dd8f1a91e851662d93d35,10
0x3a18fef3d22bbff69ca4d79f99bd169a5efe0bd8,9
0xe0d0bc27d9925a2357e31c55dab1c207178486f2,9
0x147cf2e4db7dcf5d0dfd7a9d07813e9909ae6ede,9
0x81b65c4401e3a67d3de6c61cebdb3cc6694e34aa,9
0x11c9f5eed0f9fd75ec420d7f721f34eeebd805a4,9
0x2d6b71787567ff6f767382ac04476bf5c9697acd,9
0x934de960843e6116bab36c892e28cfb242fcf587,9
0x81022a2a580bac529903d181eaa17d734f96e0ad,9
0x767da4e1d6cd7e3826b9a56f0af03ec6e7d432ca,9
0xdc9a6abe36159bf11020ab81bb0c13ce0156ebc0,8
0xcb2572767b3275d54872c8242c303bc3a9847a16,8
0x0e21461dd3ea7b818e0466daf3761c12071096e9,8
0xc209dee9d54a0ab588e96f7548d0cb5eb166b294,8
0x76493c787f6b6e8acfa719ea26130e7671a34307,8
0xe9b51db4b68fa62444a88bd4632180be9021ffc5,8
0xf859d3592ce1f13f95654f960205ebeae425ef9a,8
0x896db1a20be20be6626b6cc919f65823f5abcc70,8
0x8f7981e19afa921d635695ec46875930010c6d46,8
0xf59a7462919ef3808d430b89048a889d9906190b,7
0x8223f065e1355ad965ea89d92482c6523535db5a,7
0x6adf4be66ebbb41adef71b789db279729c5bee2b,7
0x049e63ccf6b6159c2effa1c0b0af3258ee76e225,7
0xbbfb6566ad064c233af6314aeb1eee4c26a5f921,7
0x8b45a331539a3671b2b9a98434591ef56f658ae3,7
0xb189c4ee6030780f0698af82384e207bbe7ab0e7,7
0x1fc6ecda305b3d3bfbcada1c7554afdc2798bc97,7
0x2ae9f5aa8dafb6f69454c023cd88da6e78293bdf,6
0x9f7899152aff6f4e44c5c9dcbf2333ac5e6e0849,6
0xd4c3b2c29bb06483413a5a6d6d5cf3e22d04d349,6
0x6a75ac02b0a2f8e016ffda57611540022e5f1e6d,6
0x2845ede55f112af4767dfd31dbfed9497ea42841,6
0xec58c92ab1b87111ab2bcfea24ff9404c25b37c8,6
0xec9c6ec6c64d6a37047461d4016dddda13ccd264,6
0x4a61cdea18ff68613a422521b4bed650a276ddfe,6
0x20666acae72a00e7d03d0113c8392ef7c91cc91f,6
0xf16be1f62490c217cfe59849f3ff1cbc221f578b,6
0x778152fa72761fffa4970f6dc2423c2b0005c86d,6
0x19fe1cbf96cf38bd0ae84556505cef05e57857e6,6
0x191927b85017d9c807e0e82440608a5eb32723c3,6
0xd1f1851d53a6a88831c642ac886a2db525fd105c,6
0xa5ae0387ccd2f64ccd818a1801c07a42390f699e,6
0x53ba5ed7c6cce55db5cdc7ad7d8b5a478aadd976,6
0xd7e890e14d1932b2baaee2cd226368e9dd4eec83,6
0xddebcc9a3e5d9f315d6d440eecd863c4d6941184,6
0x887af394964ef1d4088f8e8ac903b28946c84ae4,6
0xb06b8a649b0dbf8b39169800bd7ca3e82a0994f6,6
0x132012e4e5614279c6b17f4a77514e93279309fb,6
0xcce2c1f2b578ee09157fdd95efb9761ec00e6953,5
0x6562bedbd60685208e92ce242c3c9f7fc1bc0e85,5
0xcbafc77e7333faad715a82fb7446a4693e4c5056,5
0x6d331e2d0b851390c460627dbfa5a86686852773,5
0x61e80237bf3eec19b746da48e98d735ae4629cef,5
0xd5d0160fed6145a2d3f6418cdcae05ae71139c01,5
0x4ca0fc1b383a3443cc585c4aab88cabcee5a15b2,5
0x4033010350b8b5c48c3cffed6f6a9ccada337040,5
0x467cda3bfc2474fe04469d334fb6d0012b5a2499,5
0x2960ace3078e0cef95cbe900587255465c1f5ca5,5
0x504f998aaa20904da32c42c6e4473d4e83a4bdca,5
0xda709f5798a5c95cf06ed377d49de8a6f6453414,5
0x5c1aa6c4f3960b13019d984b3abefd6ee97a3478,5
0x8e07f8b7716ea2130aa19e6602f0171b227c87ff,5
0x879886b2b98b7fbde2e2240af1c4824f6528e5ca,5
0x848d63cf8a88da050f48da639d888efe9adf8c67,5
0x7895196a6ce45f19870faef9f835c96ec4eaa1e9,5
0xbf1fad53ec61197fe4704c8a70445ed5b5c0daf4,5
